{
  "matryoshka_levels": {
    "16": {
      "mse": 41.63129890625,
      "var_explained": 0.9747161294441492,
      "L0_mean": 16.0,
      "n_dead": 723,
      "pct_dead": 4.412841796875
    },
    "64": {
      "mse": 27.950629375,
      "var_explained": 0.9830247887133311,
      "L0_mean": 63.74467849731445,
      "n_dead": 269,
      "pct_dead": 1.641845703125
    },
    "256": {
      "mse": 18.31703845703125,
      "var_explained": 0.9888755421646335,
      "L0_mean": 252.05157470703125,
      "n_dead": 93,
      "pct_dead": 0.567626953125
    }
  },
  "topk_flat": {
    "k": 64,
    "mse": 25.6617415234375,
    "var_explained": 0.9844148953320577,
    "L0_mean": 63.89461898803711,
    "n_dead": 926,
    "pct_dead": 5.65185546875
  },
  "nesting_invariant_holds": true,
  "cross_arch_match": {
    "0.5": {
      "count": 12781,
      "fraction": 0.78009033203125
    },
    "0.7": {
      "count": 9517,
      "fraction": 0.58087158203125
    },
    "0.9": {
      "count": 1745,
      "fraction": 0.10650634765625
    },
    "0.95": {
      "count": 144,
      "fraction": 0.0087890625
    },
    "0.99": {
      "count": 4,
      "fraction": 0.000244140625
    }
  }
}