{
  "ckpt": "checkpoints/sae_layer6_topk64_full.pt",
  "label_contains": "newline",
  "feature_ids": [
    2255,
    6767,
    6484,
    15230,
    7615,
    10047,
    13131,
    11488,
    10925,
    13821,
    15245,
    15577,
    7448,
    14584,
    10545,
    2757
  ],
  "feature_labels": [
    "Newline tokens in various contexts",
    "Newline tokens in various contexts",
    "Newline tokens inside XML/HTML/CSS blocks",
    "Newline tokens in various contexts",
    "Newline tokens in various contexts",
    "Newline tokens inside CSS/XSL/HTML/XML blocks",
    "Newline tokens in various contexts",
    "Newline tokens in various contexts",
    "Newline tokens inside academic/technical text",
    "Newline tokens inside code and prose blocks",
    "Newline tokens inside XML/HTML/CSS blocks",
    "Newline tokens and decimal points in various contexts",
    "Newline tokens inside code blocks",
    "Newline tokens inside code and markup blocks",
    "Newline tokens inside code blocks",
    "Newline tokens in code and text formatting contexts"
  ],
  "cluster_singular_values": [
    1.9754044052192936,
    0.9728494671326767,
    0.9619826988183614,
    0.9398406297773203,
    0.9320883376093398,
    0.9224767048011155,
    0.9141790352057559,
    0.9065865919196758,
    0.9040769868940322,
    0.8871938424420543,
    0.8795528320328515,
    0.8686067834744936,
    0.8615489412345682,
    0.8466132598619132,
    0.8391625676997293,
    0.8182188548341873
  ],
  "cluster_var_explained_cumulative": [
    0.24388891316505548,
    0.30304116922591495,
    0.3608793394664671,
    0.4160856157103178,
    0.47038490817630957,
    0.5235701132411172,
    0.575802820638892,
    0.6271715242913006,
    0.6782562247892551,
    0.7274507825044266,
    0.7758016071014178,
    0.8229564666817193,
    0.8693481283682112,
    0.9141452546376855,
    0.9581573686012083,
    0.9999999999999999
  ],
  "cluster_metrics": {
    "r_50": 6,
    "r_75": 11,
    "r_90": 14,
    "r_95": 15,
    "r_99": 16,
    "spectral_entropy_bits": 3.7503257152435183,
    "participation_ratio": 10.208682644097781,
    "n_total": 16
  },
  "random_singular_values": [
    1.101721463832082,
    1.0911773521946126,
    1.071537021147502,
    1.0562202934394394,
    1.0393050536674107,
    1.028496081934738,
    1.0276699895862853,
    1.0124420404640575,
    0.9916677420834741,
    0.9833950658427678,
    0.9634059715595268,
    0.9505774034615444,
    0.930938102430915,
    0.9274377991478362,
    0.903700149295086,
    0.8871107114641141
  ],
  "random_metrics": {
    "r_50": 8,
    "r_75": 12,
    "r_90": 15,
    "r_95": 15,
    "r_99": 16,
    "spectral_entropy_bits": 3.988079866131269,
    "participation_ratio": 15.741177881696078,
    "n_total": 16
  },
  "participation_ratio_ratio": 0.6485335926461062,
  "verdict": "MODERATE MANIFOLD \u2014 cluster has some compression but isn't a tight manifold."
}