{
  "mse": 2.797594471466847,
  "var_explained": 0.9982703761629362,
  "avg_l1": 742.4443384415064,
  "L0_mean": 1333.2718505859375,
  "L0_std": 202.8369903564453,
  "n_dead": 0,
  "n_alive": 16384,
  "pct_dead": 0.0,
  "n_eval": 49920
}