{
  "mse": 1.5390561103820801,
  "var_explained": 0.9990485435394962,
  "avg_l1": 983.821741035657,
  "L0_mean": 1293.1951904296875,
  "L0_std": 354.43438720703125,
  "n_dead": 0,
  "n_alive": 16384,
  "pct_dead": 0.0,
  "n_eval": 49920
}