{
  "arch": "topk",
  "mse": 33.106829453125,
  "var_explained": 0.9781713836367035,
  "avg_l1": 71.92595390625,
  "L0_mean": 63.96625900268555,
  "L0_std": 0.40713831782341003,
  "n_dead": 1,
  "n_alive": 4095,
  "pct_dead": 0.0244140625,
  "n_eval": 50000
}