{
  "arch": "topk",
  "mse": 15.710439007098858,
  "var_explained": 0.9902869268379203,
  "avg_l1": 71.17336989182692,
  "L0_mean": 32.0,
  "L0_std": 0.0,
  "n_dead": 77,
  "n_alive": 16307,
  "pct_dead": 0.469970703125,
  "n_eval": 49920
}