{
  "arch": "topk",
  "mse": 14.492970060690855,
  "var_explained": 0.9910392777521,
  "avg_l1": 117.23753724709535,
  "L0_mean": 127.97435760498047,
  "L0_std": 0.7037158608436584,
  "n_dead": 68,
  "n_alive": 16316,
  "pct_dead": 0.4150390625,
  "n_eval": 49920
}