{
  "arch": "topk",
  "mse": 23.675103125,
  "var_explained": 0.985307743779056,
  "avg_l1": 70.72905421875,
  "L0_mean": 63.83852005004883,
  "L0_std": 1.8555978536605835,
  "n_dead": 41698,
  "n_alive": 23838,
  "pct_dead": 63.6260986328125,
  "n_eval": 50000
}