{
  "mse": 5.201993712400779,
  "var_explained": 0.9967836333052034,
  "avg_l1": 475.4687280899439,
  "L0_mean": 1302.072998046875,
  "L0_std": 74.76032257080078,
  "n_dead": 0,
  "n_alive": 16384,
  "pct_dead": 0.0,
  "n_eval": 49920
}