{
  "arch": "topk",
  "mse": 25.7367024609375,
  "var_explained": 0.9843440585736996,
  "avg_l1": 71.30676328125,
  "L0_mean": 63.90285873413086,
  "L0_std": 1.0860679149627686,
  "n_dead": 855,
  "n_alive": 15529,
  "pct_dead": 5.218505859375,
  "n_eval": 50000
}