{
  "arch": "topk",
  "mse": 15.456391006860978,
  "var_explained": 0.990443123330978,
  "avg_l1": 91.32032994979467,
  "L0_mean": 63.99603271484375,
  "L0_std": 0.1562797874212265,
  "n_dead": 662,
  "n_alive": 15722,
  "pct_dead": 4.04052734375,
  "n_eval": 49920
}