{
  "arch": "topk",
  "mse": 25.70556984375,
  "var_explained": 0.9843673248013901,
  "avg_l1": 71.110367265625,
  "L0_mean": 63.9293212890625,
  "L0_std": 0.7719095945358276,
  "n_dead": 896,
  "n_alive": 15488,
  "pct_dead": 5.46875,
  "n_eval": 50000
}