{
  "mse": 14.718903918144031,
  "var_explained": 0.9909008460405877,
  "avg_l1": 230.30792455428687,
  "L0_mean": 1047.9178466796875,
  "L0_std": 156.39910888671875,
  "n_dead": 0,
  "n_alive": 16384,
  "pct_dead": 0.0,
  "n_eval": 49920
}